priority_rank,priority_level,relevance_score,aribio_relevance_score,canonical_drug_name,nct_id,company_or_sponsor,change_type,old_value,new_value,highest_phase,modality,target_pathways,trial_status,primary_completion_date,completion_date,why_it_matters,relevance_factors,source,needs_human_review,is_named_competitor
1,High,73,90,Trontinemab,NCT07169578,Hoffmann-La Roche,status_change,Recruiting,Active,Phase 3,Biologic,Amyloid,Active,2028-02-16,2028-02-16,Trial status changed from Recruiting to Active. Status change to active/recruiting; Reached Phase 3.,status change to active/recruiting (+8); reached Phase 3 (+20); named competitor on watchlist (Roche) (+20); similar profile to AR1001 (+22); similar eligibility population (+3),ClinicalTrials.gov API v2 (snapshot 2026-09-25T180131Z),True,True
2,High,73,90,Trontinemab,NCT07169578,Hoffmann-La Roche,primary_completion_date_change,2028-06-07,2028-02-16,Phase 3,Biologic,Amyloid,Active,2028-02-16,2028-02-16,Primary completion date changed from 2028-06-07 to 2028-02-16. Substantial completion-date shift; Reached Phase 3.,substantial completion-date shift (+8); reached Phase 3 (+20); named competitor on watchlist (Roche) (+20); similar profile to AR1001 (+22); similar eligibility population (+3),ClinicalTrials.gov API v2 (snapshot 2026-09-25T180131Z),True,True
3,High,73,90,Trontinemab,NCT07169578,Hoffmann-La Roche,completion_date_change,2028-06-07,2028-02-16,Phase 3,Biologic,Amyloid,Active,2028-02-16,2028-02-16,Study/Overall completion date changed from 2028-06-07 to 2028-02-16. Substantial completion-date shift; Reached Phase 3.,substantial completion-date shift (+8); reached Phase 3 (+20); named competitor on watchlist (Roche) (+20); similar profile to AR1001 (+22); similar eligibility population (+3),ClinicalTrials.gov API v2 (snapshot 2026-09-25T180131Z),True,True
4,High,73,90,Trontinemab,NCT07170150,Hoffmann-La Roche,status_change,Recruiting,Active,Phase 3,Biologic,Amyloid,Active,2028-02-16,2028-02-16,Trial status changed from Recruiting to Active. Status change to active/recruiting; Reached Phase 3.,status change to active/recruiting (+8); reached Phase 3 (+20); named competitor on watchlist (Roche) (+20); similar profile to AR1001 (+22); similar eligibility population (+3),ClinicalTrials.gov API v2 (snapshot 2026-09-25T180131Z),True,True
5,High,73,90,Trontinemab,NCT07170150,Hoffmann-La Roche,primary_completion_date_change,2028-06-07,2028-02-16,Phase 3,Biologic,Amyloid,Active,2028-02-16,2028-02-16,Primary completion date changed from 2028-06-07 to 2028-02-16. Substantial completion-date shift; Reached Phase 3.,substantial completion-date shift (+8); reached Phase 3 (+20); named competitor on watchlist (Roche) (+20); similar profile to AR1001 (+22); similar eligibility population (+3),ClinicalTrials.gov API v2 (snapshot 2026-09-25T180131Z),True,True
6,High,73,90,Trontinemab,NCT07170150,Hoffmann-La Roche,completion_date_change,2028-06-07,2028-02-16,Phase 3,Biologic,Amyloid,Active,2028-02-16,2028-02-16,Study/Overall completion date changed from 2028-06-07 to 2028-02-16. Substantial completion-date shift; Reached Phase 3.,substantial completion-date shift (+8); reached Phase 3 (+20); named competitor on watchlist (Roche) (+20); similar profile to AR1001 (+22); similar eligibility population (+3),ClinicalTrials.gov API v2 (snapshot 2026-09-25T180131Z),True,True
7,High,70,90,Trontinemab,NCT07169578,Hoffmann-La Roche,enrollment_change,800,1101,Phase 3,Biologic,Amyloid,Active,2028-02-16,2028-02-16,Enrollment changed from 800 to 1101. Substantial enrollment change; Reached Phase 3.,substantial enrollment change (+5); reached Phase 3 (+20); named competitor on watchlist (Roche) (+20); similar profile to AR1001 (+22); similar eligibility population (+3),ClinicalTrials.gov API v2 (snapshot 2026-09-25T180131Z),True,True
8,High,70,90,Trontinemab,NCT07170150,Hoffmann-La Roche,enrollment_change,800,1060,Phase 3,Biologic,Amyloid,Active,2028-02-16,2028-02-16,Enrollment changed from 800 to 1060. Substantial enrollment change; Reached Phase 3.,substantial enrollment change (+5); reached Phase 3 (+20); named competitor on watchlist (Roche) (+20); similar profile to AR1001 (+22); similar eligibility population (+3),ClinicalTrials.gov API v2 (snapshot 2026-09-25T180131Z),True,True
9,Medium,54,15,Nicotine Patch,NCT02720445,University of Southern California,results_posted,NO,YES,Phase 2,Small Molecule,,Trial Completed,2025-08-25,2025-09-16,Results were newly posted on ClinicalTrials.gov. Results newly posted; Reached Phase 2.,results newly posted (+30); reached Phase 2 (+12); similar profile to AR1001 (+4); priority modality (Small Molecule) (+5); similar eligibility population (+3),ClinicalTrials.gov API v2 (snapshot 2026-09-17T174210Z),True,False
10,Medium,52,75,Donanemab,NCT07838155,Eli Lilly and Company,new_trial,,Phase 4,Phase 4,Biologic,Amyloid,Active,2030-07,2030-07,A new trial was registered for Donanemab. Named competitor on watchlist (Eli Lilly); Similar profile to AR1001.,new trial (+10); named competitor on watchlist (Eli Lilly) (+20); similar profile to AR1001 (+19); similar eligibility population (+3),ClinicalTrials.gov API v2 (snapshot 2026-09-24T175506Z),False,True
11,Medium,50,20,NBI-1117567,NCT07832383,Neurocrine Biosciences,new_trial,,Phase 2,Phase 2,Small Molecule,Symptomatic,Active,2028-05,2028-06,A new trial was registered for NBI-1117567. New Phase 2/3 trial; Reached Phase 2.,new Phase 2/3 trial (+25); reached Phase 2 (+12); similar profile to AR1001 (+5); priority modality (Small Molecule) (+5); similar eligibility population (+3),ClinicalTrials.gov API v2 (snapshot 2026-09-22T174206Z),True,False
12,Medium,48,20,IGC AD1,NCT05543681,"IGC Pharma, LLC",status_change,Recruiting,Active,Phase 2,Small Molecule,Neuropsychiatric,Active,2026-11,2026-11,Trial status changed from Recruiting to Active. Status change to active/recruiting; Reached Phase 2.,status change to active/recruiting (+8); reached Phase 2 (+12); primary completion within 30 days (+15); similar profile to AR1001 (+5); priority modality (Small Molecule) (+5); similar eligibility population (+3),ClinicalTrials.gov API v2 (snapshot 2026-09-30T183116Z),False,False
13,Medium,48,20,IGC AD1,NCT05543681,"IGC Pharma, LLC",primary_completion_date_change,2026-08,2026-11,Phase 2,Small Molecule,Neuropsychiatric,Active,2026-11,2026-11,Primary completion date changed from 2026-08 to 2026-11. Substantial completion-date shift; Reached Phase 2.,substantial completion-date shift (+8); reached Phase 2 (+12); primary completion within 30 days (+15); similar profile to AR1001 (+5); priority modality (Small Molecule) (+5); similar eligibility population (+3),ClinicalTrials.gov API v2 (snapshot 2026-09-30T183116Z),False,False
14,Medium,48,20,IGC AD1,NCT05543681,"IGC Pharma, LLC",completion_date_change,2026-08,2026-11,Phase 2,Small Molecule,Neuropsychiatric,Active,2026-11,2026-11,Study/Overall completion date changed from 2026-08 to 2026-11. Substantial completion-date shift; Reached Phase 2.,substantial completion-date shift (+8); reached Phase 2 (+12); primary completion within 30 days (+15); similar profile to AR1001 (+5); priority modality (Small Molecule) (+5); similar eligibility population (+3),ClinicalTrials.gov API v2 (snapshot 2026-09-30T183116Z),False,False
15,Medium,46,20,LY4560736,NCT07843459,Eli Lilly and Company,new_trial,,Phase 1,Phase 1,Small Molecule,,Active,2028-07,2028-07,A new trial was registered for LY4560736. Reached Phase 1; Named competitor on watchlist (Eli Lilly).,new trial (+10); reached Phase 1 (+3); named competitor on watchlist (Eli Lilly) (+20); similar profile to AR1001 (+5); priority modality (Small Molecule) (+5); similar eligibility population (+3),ClinicalTrials.gov API v2 (snapshot 2026-09-28T201136Z),False,True
16,Medium,45,20,AV-1959R,NCT07827768,Institute for Molecular Medicine,new_trial,,Phase 2,Phase 2,Biologic,Amyloid,Active,2029-06-15,2029-06-15,A new trial was registered for AV-1959R. New Phase 2/3 trial; Reached Phase 2.,new Phase 2/3 trial (+25); reached Phase 2 (+12); similar profile to AR1001 (+5); similar eligibility population (+3),ClinicalTrials.gov API v2 (snapshot 2026-09-18T170906Z),True,False
17,Medium,43,20,Piromelatine,NCT05267535,Neurim Pharmaceuticals Ltd.,results_posted,NO,YES,Phase 2/Phase 3,Small Molecule,Symptomatic,Discontinued,2024-09-12,2024-12-12,Results were newly posted on ClinicalTrials.gov. Results newly posted; Similar profile to AR1001.,results newly posted (+30); similar profile to AR1001 (+5); priority modality (Small Molecule) (+5); similar eligibility population (+3),ClinicalTrials.gov API v2 (snapshot 2026-09-09T171340Z),True,False
18,Medium,43,20,LY4560736,NCT07843459,Eli Lilly and Company,new_drug,,Phase 1,Phase 1,Small Molecule,,Active,,,"A new candidate, LY4560736, was identified in the pipeline. Newly identified drug; Reached Phase 1.",newly identified drug (+10); reached Phase 1 (+3); named competitor on watchlist (Eli Lilly) (+20); similar profile to AR1001 (+5); priority modality (Small Molecule) (+5),ClinicalTrials.gov API v2 (snapshot 2026-09-28T201136Z),False,True
19,Medium,37,35,GSK4527226,NCT06079190,GlaxoSmithKline,primary_completion_date_change,2026-09-30,2026-05-14,Phase 2,Small Molecule,,Discontinued,2026-05-14,2026-08-18,Primary completion date changed from 2026-09-30 to 2026-05-14. Substantial completion-date shift; Reached Phase 2.,substantial completion-date shift (+8); reached Phase 2 (+12); similar profile to AR1001 (+9); priority modality (Small Molecule) (+5); similar eligibility population (+3),ClinicalTrials.gov API v2 (snapshot 2026-09-17T174210Z),False,False
20,Medium,37,35,GSK4527226,NCT06079190,GlaxoSmithKline,completion_date_change,2026-11-23,2026-08-18,Phase 2,Small Molecule,,Discontinued,2026-05-14,2026-08-18,Study/Overall completion date changed from 2026-11-23 to 2026-08-18. Substantial completion-date shift; Reached Phase 2.,substantial completion-date shift (+8); reached Phase 2 (+12); similar profile to AR1001 (+9); priority modality (Small Molecule) (+5); similar eligibility population (+3),ClinicalTrials.gov API v2 (snapshot 2026-09-17T174210Z),False,False
21,Medium,36,55,ABBV-1758,NCT07599670,AbbVie,primary_completion_date_change,2030-04,2030-10,Phase 1/Phase 2,Small Molecule,Tau,Active,2030-10,2030-10,Primary completion date changed from 2030-04 to 2030-10. Substantial completion-date shift; Reached Phase 1/Phase 2.,substantial completion-date shift (+8); reached Phase 1/Phase 2 (+6); similar profile to AR1001 (+14); priority modality (Small Molecule) (+5); similar eligibility population (+3),ClinicalTrials.gov API v2 (snapshot 2026-09-11T170502Z),False,False
22,Low,33,20,EI-1071,NCT06745583,Elixiron Immunotherapeutics Inc.,primary_completion_date_change,2026-12,2026-03-06,Phase 2,Small Molecule,Inflammation,Trial Completed,2026-03-06,2026-05-06,Primary completion date changed from 2026-12 to 2026-03-06. Substantial completion-date shift; Reached Phase 2.,substantial completion-date shift (+8); reached Phase 2 (+12); similar profile to AR1001 (+5); priority modality (Small Molecule) (+5); similar eligibility population (+3),ClinicalTrials.gov API v2 (snapshot 2026-09-23T175506Z),False,False
23,Low,33,20,EI-1071,NCT06745583,Elixiron Immunotherapeutics Inc.,completion_date_change,2026-12,2026-05-06,Phase 2,Small Molecule,Inflammation,Trial Completed,2026-03-06,2026-05-06,Study/Overall completion date changed from 2026-12 to 2026-05-06. Substantial completion-date shift; Reached Phase 2.,substantial completion-date shift (+8); reached Phase 2 (+12); similar profile to AR1001 (+5); priority modality (Small Molecule) (+5); similar eligibility population (+3),ClinicalTrials.gov API v2 (snapshot 2026-09-23T175506Z),False,False
24,Low,33,20,RO7812653,NCT07234942,Hoffmann-La Roche,primary_completion_date_change,2027-03-23,2027-03-31,Phase 1,Biologic,,Active,2027-03-31,2027-03-31,Primary completion date changed from 2027-03-23 to 2027-03-31. Completion-date shift; Reached Phase 1.,completion-date shift (+2); reached Phase 1 (+3); named competitor on watchlist (Roche) (+20); similar profile to AR1001 (+5); similar eligibility population (+3),ClinicalTrials.gov API v2 (snapshot 2026-09-09T171340Z),False,True
25,Low,33,20,RO7812653,NCT07234942,Hoffmann-La Roche,completion_date_change,2027-03-23,2027-03-31,Phase 1,Biologic,,Active,2027-03-31,2027-03-31,Study/Overall completion date changed from 2027-03-23 to 2027-03-31. Completion-date shift; Reached Phase 1.,completion-date shift (+2); reached Phase 1 (+3); named competitor on watchlist (Roche) (+20); similar profile to AR1001 (+5); similar eligibility population (+3),ClinicalTrials.gov API v2 (snapshot 2026-09-09T171340Z),False,True
26,Low,32,15,Psilocybin,NCT04123314,Johns Hopkins University,primary_completion_date_change,2026-09-30,2027-06-30,Phase 2,Small Molecule,Neuropsychiatric,Active,2027-06-30,2027-09-30,Primary completion date changed from 2026-09-30 to 2027-06-30. Substantial completion-date shift; Reached Phase 2.,substantial completion-date shift (+8); reached Phase 2 (+12); similar profile to AR1001 (+4); priority modality (Small Molecule) (+5); similar eligibility population (+3),ClinicalTrials.gov API v2 (snapshot 2026-09-07T134134Z),False,False
27,Low,32,15,Psilocybin,NCT04123314,Johns Hopkins University,completion_date_change,2026-12-31,2027-09-30,Phase 2,Small Molecule,Neuropsychiatric,Active,2027-06-30,2027-09-30,Study/Overall completion date changed from 2026-12-31 to 2027-09-30. Substantial completion-date shift; Reached Phase 2.,substantial completion-date shift (+8); reached Phase 2 (+12); similar profile to AR1001 (+4); priority modality (Small Molecule) (+5); similar eligibility population (+3),ClinicalTrials.gov API v2 (snapshot 2026-09-07T134134Z),False,False
28,Low,32,35,GSK4527226,NCT06079190,GlaxoSmithKline,status_change,Active,Discontinued,Phase 2,Small Molecule,,Discontinued,2026-05-14,2026-08-18,Trial status changed from Active to Discontinued. Reached Phase 2; Similar profile to AR1001.,status change (+3); reached Phase 2 (+12); similar profile to AR1001 (+9); priority modality (Small Molecule) (+5); similar eligibility population (+3),ClinicalTrials.gov API v2 (snapshot 2026-09-17T174210Z),False,False
29,Low,32,20,NBI-1117567,NCT07832383,Neurocrine Biosciences,new_drug,,Phase 2,Phase 2,Small Molecule,Symptomatic,Active,,,"A new candidate, NBI-1117567, was identified in the pipeline. Newly identified drug; Reached Phase 2.",newly identified drug (+10); reached Phase 2 (+12); similar profile to AR1001 (+5); priority modality (Small Molecule) (+5),ClinicalTrials.gov API v2 (snapshot 2026-09-22T174206Z),False,False
30,Low,30,20,EI-1071,NCT06745583,Elixiron Immunotherapeutics Inc.,enrollment_change,15,7,Phase 2,Small Molecule,Inflammation,Trial Completed,2026-03-06,2026-05-06,Enrollment changed from 15 to 7. Substantial enrollment change; Reached Phase 2.,substantial enrollment change (+5); reached Phase 2 (+12); similar profile to AR1001 (+5); priority modality (Small Molecule) (+5); similar eligibility population (+3),ClinicalTrials.gov API v2 (snapshot 2026-09-23T175506Z),False,False
31,Low,30,60,Memantine,NCT07531940,University Hospitals Cleveland Medical Center,new_trial,,Phase 1,Phase 4,Small Molecule,Symptomatic,Active,2028-05,2028-05,A new trial was registered for Memantine. Similar profile to AR1001; Priority modality (Small Molecule).,new trial (+10); similar profile to AR1001 (+15); priority modality (Small Molecule) (+5),ClinicalTrials.gov API v2 (snapshot 2026-09-21T185139Z),False,False
32,Low,28,20,RB-ADSC,NCT05667649,"Regeneration Biomedical, Inc.",primary_completion_date_change,2026-08,2026-06-25,Phase 2,Biologic,,Trial Completed,2026-06-25,2026-06-25,Primary completion date changed from 2026-08 to 2026-06-25. Substantial completion-date shift; Reached Phase 2.,substantial completion-date shift (+8); reached Phase 2 (+12); similar profile to AR1001 (+5); similar eligibility population (+3),ClinicalTrials.gov API v2 (snapshot 2026-09-24T175506Z),False,False
33,Low,28,20,RB-ADSC,NCT05667649,"Regeneration Biomedical, Inc.",completion_date_change,2026-08,2026-06-25,Phase 2,Biologic,,Trial Completed,2026-06-25,2026-06-25,Study/Overall completion date changed from 2026-08 to 2026-06-25. Substantial completion-date shift; Reached Phase 2.,substantial completion-date shift (+8); reached Phase 2 (+12); similar profile to AR1001 (+5); similar eligibility population (+3),ClinicalTrials.gov API v2 (snapshot 2026-09-24T175506Z),False,False
34,Low,28,20,SNK01,NCT06189963,"NKGen Biotech, Inc.",primary_completion_date_change,2026-12,2028-03,Phase 2,Biologic,,Active,2028-03,2028-06,Primary completion date changed from 2026-12 to 2028-03. Substantial completion-date shift; Reached Phase 2.,substantial completion-date shift (+8); reached Phase 2 (+12); similar profile to AR1001 (+5); similar eligibility population (+3),ClinicalTrials.gov API v2 (snapshot 2026-10-02T183554Z),False,False
35,Low,28,20,SNK01,NCT06189963,"NKGen Biotech, Inc.",completion_date_change,2027-06,2028-06,Phase 2,Biologic,,Active,2028-03,2028-06,Study/Overall completion date changed from 2027-06 to 2028-06. Substantial completion-date shift; Reached Phase 2.,substantial completion-date shift (+8); reached Phase 2 (+12); similar profile to AR1001 (+5); similar eligibility population (+3),ClinicalTrials.gov API v2 (snapshot 2026-10-02T183554Z),False,False
36,Low,28,20,EI-1071,NCT06745583,Elixiron Immunotherapeutics Inc.,status_change,Recruiting,Completed,Phase 2,Small Molecule,Inflammation,Trial Completed,2026-03-06,2026-05-06,Trial status changed from Recruiting to Completed. Reached Phase 2; Similar profile to AR1001.,status change (+3); reached Phase 2 (+12); similar profile to AR1001 (+5); priority modality (Small Molecule) (+5); similar eligibility population (+3),ClinicalTrials.gov API v2 (snapshot 2026-09-23T175506Z),False,False
37,Low,27,20,AV-1959R,NCT07827768,Institute for Molecular Medicine,new_drug,,Phase 2,Phase 2,Biologic,Amyloid,Active,,,"A new candidate, AV-1959R, was identified in the pipeline. Newly identified drug; Reached Phase 2.",newly identified drug (+10); reached Phase 2 (+12); similar profile to AR1001 (+5),ClinicalTrials.gov API v2 (snapshot 2026-09-18T170906Z),False,False
38,Low,26,15,Eligard,NCT03649724,Weill Medical College of Cornell University,enrollment_change,180,86,Phase 2,Small Molecule,Symptomatic,Trial Completed,2026-07-25,2026-07-25,Enrollment changed from 180 to 86. Substantial enrollment change; Reached Phase 2.,substantial enrollment change (+5); reached Phase 2 (+12); similar profile to AR1001 (+4); priority modality (Small Molecule) (+5),ClinicalTrials.gov API v2 (snapshot 2026-09-21T185139Z),False,False
39,Low,25,20,RB-ADSC,NCT05667649,"Regeneration Biomedical, Inc.",enrollment_change,18,7,Phase 2,Biologic,,Trial Completed,2026-06-25,2026-06-25,Enrollment changed from 18 to 7. Substantial enrollment change; Reached Phase 2.,substantial enrollment change (+5); reached Phase 2 (+12); similar profile to AR1001 (+5); similar eligibility population (+3),ClinicalTrials.gov API v2 (snapshot 2026-09-24T175506Z),False,False
40,Low,24,15,Eligard,NCT03649724,Weill Medical College of Cornell University,status_change,Active,Completed,Phase 2,Small Molecule,Symptomatic,Trial Completed,2026-07-25,2026-07-25,Trial status changed from Active to Completed. Reached Phase 2; Similar profile to AR1001.,status change (+3); reached Phase 2 (+12); similar profile to AR1001 (+4); priority modality (Small Molecule) (+5),ClinicalTrials.gov API v2 (snapshot 2026-09-21T185139Z),False,False
41,Low,23,20,RB-ADSC,NCT05667649,"Regeneration Biomedical, Inc.",status_change,Recruiting,Completed,Phase 2,Biologic,,Trial Completed,2026-06-25,2026-06-25,Trial status changed from Recruiting to Completed. Reached Phase 2; Similar profile to AR1001.,status change (+3); reached Phase 2 (+12); similar profile to AR1001 (+5); similar eligibility population (+3),ClinicalTrials.gov API v2 (snapshot 2026-09-24T175506Z),False,False
42,Low,21,20,Piromelatine,NCT05267535,Neurim Pharmaceuticals Ltd.,primary_completion_date_change,2025-06,2024-09-12,Phase 2/Phase 3,Small Molecule,Symptomatic,Discontinued,2024-09-12,2024-12-12,Primary completion date changed from 2025-06 to 2024-09-12. Substantial completion-date shift; Similar profile to AR1001.,substantial completion-date shift (+8); similar profile to AR1001 (+5); priority modality (Small Molecule) (+5); similar eligibility population (+3),ClinicalTrials.gov API v2 (snapshot 2026-09-09T171340Z),False,False
43,Low,21,20,Piromelatine,NCT05267535,Neurim Pharmaceuticals Ltd.,completion_date_change,2025-06,2024-12-12,Phase 2/Phase 3,Small Molecule,Symptomatic,Discontinued,2024-09-12,2024-12-12,Study/Overall completion date changed from 2025-06 to 2024-12-12. Substantial completion-date shift; Similar profile to AR1001.,substantial completion-date shift (+8); similar profile to AR1001 (+5); priority modality (Small Molecule) (+5); similar eligibility population (+3),ClinicalTrials.gov API v2 (snapshot 2026-09-09T171340Z),False,False
44,Low,21,0,Active Comparison Group: Healthy Actions And Lifestyles To Avoid Dementia (HALT-AD),NCT06362824,Kaiser Permanente,status_change,Recruiting,Active,,Other,,Active,2026-12-31,2027-05-31,Trial status changed from Recruiting to Active. Status change to active/recruiting; Primary completion within 90 days.,status change to active/recruiting (+8); primary completion within 90 days (+10); similar eligibility population (+3),ClinicalTrials.gov API v2 (snapshot 2026-09-21T185139Z),False,False
45,Low,18,30,Xanamem,NCT06125951,Actinogen Medical,primary_completion_date_change,2026-10,2026-09-22,Phase 2/Phase 3,Small Molecule,,Active,2026-09-22,2028-02,Primary completion date changed from 2026-10 to 2026-09-22. Completion-date shift; Similar profile to AR1001.,completion-date shift (+2); similar profile to AR1001 (+8); priority modality (Small Molecule) (+5); similar eligibility population (+3),ClinicalTrials.gov API v2 (snapshot 2026-10-05T211153Z),False,False
46,Low,18,30,ACP Counselor Video Program,NCT07824245,Tufts Medical Center,new_trial,,,,Other,,Active,2029-03-01,2031-03-01,A new trial was registered for ACP Counselor Video Program. Similar profile to AR1001.,new trial (+10); similar profile to AR1001 (+8),ClinicalTrials.gov API v2 (snapshot 2026-09-17T174210Z),False,False
47,Low,16,20,Piromelatine,NCT05267535,Neurim Pharmaceuticals Ltd.,status_change,Active,Discontinued,Phase 2/Phase 3,Small Molecule,Symptomatic,Discontinued,2024-09-12,2024-12-12,Trial status changed from Active to Discontinued. Similar profile to AR1001; Priority modality (Small Molecule).,status change (+3); similar profile to AR1001 (+5); priority modality (Small Molecule) (+5); similar eligibility population (+3),ClinicalTrials.gov API v2 (snapshot 2026-09-09T171340Z),False,False
48,Low,16,10,Probiotic,NCT07413744,"University of Wisconsin, Madison",phase_change,Phase 2,Phase 1,Phase 1,Small Molecule,,Active,2029-09,2029-09,Trial phase changed from Phase 2 to Phase 1. Reached Phase 1; Similar profile to AR1001.,phase change (+3); reached Phase 1 (+3); similar profile to AR1001 (+2); priority modality (Small Molecule) (+5); similar eligibility population (+3),ClinicalTrials.gov API v2 (snapshot 2026-09-07T134134Z),False,False
49,Low,15,10,Probiotic,NCT07413744,"University of Wisconsin, Madison",highest_drug_phase_change,Phase 2,Phase 1,Phase 1,Small Molecule,,Active,,,Probiotic's highest reported phase changed from Phase 2 to Phase 1. Highest drug phase change; Reached Phase 1.,highest drug phase change (+5); reached Phase 1 (+3); similar profile to AR1001 (+2); priority modality (Small Molecule) (+5),ClinicalTrials.gov API v2 (snapshot 2026-09-07T134134Z),False,False
50,Low,13,20,Piromelatine,NCT05267535,Neurim Pharmaceuticals Ltd.,enrollment_change,225,216,Phase 2/Phase 3,Small Molecule,Symptomatic,Discontinued,2024-09-12,2024-12-12,Enrollment changed from 225 to 216. Similar profile to AR1001; Priority modality (Small Molecule).,similar profile to AR1001 (+5); priority modality (Small Molecule) (+5); similar eligibility population (+3),ClinicalTrials.gov API v2 (snapshot 2026-09-09T171340Z),False,False
51,Low,13,0,Shared decision-making support tool,NCT07812337,"University of Wisconsin, Madison",new_trial,,,,Other,,Active,2027-11-15,2027-11-15,A new trial was registered for Shared decision-making support tool. Similar eligibility population.,new trial (+10); similar eligibility population (+3),ClinicalTrials.gov API v2 (snapshot 2026-09-10T170451Z),False,False
52,Low,13,0,CYOA booklet,NCT07846566,The Cleveland Clinic,new_trial,,,,Other,,Active,2027-05-30,2027-07-31,A new trial was registered for CYOA booklet. Similar eligibility population.,new trial (+10); similar eligibility population (+3),ClinicalTrials.gov API v2 (snapshot 2026-09-29T184826Z),False,False
53,Low,8,0,INTACT Program,NCT06397339,Washington State University,enrollment_change,28,7,,Other,,Trial Completed,2026-04-30,2026-04-30,Enrollment changed from 28 to 7. Substantial enrollment change; Similar eligibility population.,substantial enrollment change (+5); similar eligibility population (+3),ClinicalTrials.gov API v2 (snapshot 2026-09-29T184826Z),False,False
54,Low,6,0,INTACT Program,NCT06397339,Washington State University,status_change,Unknown,Completed,,Other,,Trial Completed,2026-04-30,2026-04-30,Trial status changed from Unknown to Completed. Similar eligibility population.,status change (+3); similar eligibility population (+3),ClinicalTrials.gov API v2 (snapshot 2026-09-29T184826Z),False,False
